Ticker,Earnings_Date,pre1,pre3,pre5,vol10,vol_ratio,EPS_Surprise,Surprise_Pct,VIX,CPI,FedFunds,ret1,ret5,weekday,quarter,label_ret1,label_ret5,label_dir1,label_dir5,log_vol_ratio
AAPL,2015-01-27,-0.00150622190954319,0.019891330203454998,0.04700112625892902,0.009795244010397771,1.878670110712713,0.12,17.36,19.31,234.747,0.11,0.07002851541491294,0.08998503882630103,Tue,1,0.07002851541491294,0.08998503882630103,1,1,1.0573284203869475
AAPL,2015-04-27,0.00245123050245955,0.016644231050358727,0.026327587482238846,0.006240361711029227,2.242599683805986,0.03999999999999992,7.93,14.78,236.222,0.12,-0.01852523447050712,-0.027051328559846054,Mon,2,-0.01852523447050712,-0.027051328559846054,0,0,1.1763753796213325
AAPL,2015-07-21,0.01813009499053164,0.030972403232004227,0.0364892109023619,0.007471303901495623,1.8559238123178738,0.01,1.89,16.09,238.034,0.13,-0.03990696392704006,-0.0292798646926744,Tue,3,-0.03990696392704006,-0.0292798646926744,0,0,1.0493953677622296
AAPL,2015-10-27,-0.02999801395677527,-0.01136506894633495,0.014051923313538304,0.018380179980034446,1.4565470669765213,0.02000000000000001,4.65,18.4,237.733,0.12,0.02936505045746584,0.03664305170230342,Tue,4,0.02936505045746584,0.03664305170230342,1,1,0.8987567326207125
AAPL,2016-01-26,-0.0038847890912852,0.0187404600884118,0.026408594195730387,0.017755378990336506,1.271721594993675,0.00999999999999989,1.67,20.59,237.652,0.34,-0.0548435173402434,-0.04341834380464285,Tue,1,-0.0548435173402434,-0.04341834380464285,0,0,0.8205379559358269
AAPL,2016-04-26,-0.00386560920016831,-0.01228390898453822,-0.019375661333986483,0.010402563345893344,1.5482314268262236,-0.02000000000000001,-5.09,14.09,238.992,0.37,-0.0642270455753513,-0.09199391079521335,Tue,2,-0.0642270455753513,-0.09199391079521335,0,0,0.9353995604402837
AAPL,2016-07-26,-0.01036798046644849,-0.02435539253747298,-0.02588898824265739,0.007648019006335728,1.7953800085555398,0.01,2.74,14.96,240.101,0.39,0.06616187104586356,0.07518033591237216,Tue,3,0.06616187104586356,0.07518033591237216,1,1,1.0279680574925276
AAPL,2016-10-25,0.00425525816797579,0.0012732345525039435,-0.010739036479763465,0.004495124351651397,2.0764621033118527,0.01,0.81,12.99,241.741,0.4,-0.02075434037643986,-0.03090079678225244,Tue,4,-0.02075434037643986,-0.03090079678225244,0,0,1.1237802690051504
AAPL,2017-01-31,0.00338551973136036,0.00556160522959713,0.00597562285602248,0.005077339153844554,1.905577703644795,0.02999999999999991,4.28,11.26,243.618,0.65,0.06068244232463327,0.055417764153436466,Tue,1,0.06068244232463327,0.055417764153436466,1,1,1.0666322358149969
AAPL,2017-05-02,0.01866390460927425,0.019816248002871843,0.014526145299272982,0.008370248735938144,2.1811527406165285,0.02000000000000001,3.88,15.77,244.193,0.9,-0.00177927451393167,0.006529322633518361,Tue,2,-0.00177927451393167,0.006529322633518361,0,1,1.1572436281551264
AAPL,2017-08-01,-0.00442221795955466,-0.02804655494284911,-0.02226449217703595,0.01053209291506806,1.68872230710466,0.02999999999999997,6.15,10.3,244.243,1.15,0.04675775757692401,0.04233263518304997,Tue,3,0.04675775757692401,0.04233263518304997,1,1,0.9890661020040973
AAPL,2017-11-02,-0.01431089731314416,0.02436141873645592,0.05724073122283612,0.013773528673863505,1.3984924111665802,0.05000000000000004,10.53,9.61,246.626,1.15,0.02301673256629577,0.035293518881161154,Thu,4,0.02301673256629577,0.035293518881161154,1,1,0.8748403779635565
AAPL,2018-02-01,0.00226587184436155,-0.00669594309257482,-0.03465304899156229,0.009089857200492777,1.1780373215506654,0.01,1.1,10.16,248.859,1.41,-0.02218172943459517,0.018164099089535993,Thu,1,-0.02218172943459517,0.018164099089535993,0,1,0.7784241600621479
AAPL,2018-05-01,0.02629972571519555,0.006665014968779363,0.008647014869727073,0.01349679124430221,1.5706753168311705,0.01,2.19,20.24,250.227,1.69,0.05138082622560712,0.08186941648791343,Tue,2,0.05138082622560712,0.08186941648791343,1,1,0.9441686335843581
AAPL,2018-07-31,1.5145440064534034e-4,-0.01001668706206072,-0.007214898612153079,0.004414546052990502,2.044877937307999,0.03999999999999992,7.33,13.63,251.214,1.91,0.05995037419777882,0.08250360882106877,Tue,3,0.05995037419777882,0.08250360882106877,1,1,1.1134608140884332
AAPL,2018-11-01,0.01521544346085158,-0.007667845486080351,-0.0029914036822121914,0.010729006176923041,1.522033964652231,0.03000000000000002,4.55,21.31,252.772,2.19,-0.06001370943937145,-0.08944781696837145,Thu,4,-0.06001370943937145,-0.08944781696837145,0,0,0.9250657048002718
AAPL,2019-01-29,-0.00140773837366325,0.01393867362730441,0.007491267054353561,0.013756061309186402,1.4992461806123853,0.01,0.27,19.98,252.561,2.4,0.05278488148003002,0.050971189946125824,Tue,1,0.05278488148003002,0.050971189946125824,1,1,0.9159891586504754
AAPL,2019-04-30,4.460038749312101e-4,-0.01771951226384249,-0.011487949661984619,0.006133237382285682,2.33257449241897,0.03000000000000002,4.05,13.3,255.233,2.42,0.05658763099715002,0.05499687329762758,Tue,2,0.05658763099715002,0.05499687329762758,1,1,1.2037451261349146
AAPL,2019-07-30,0.01095474566764753,0.004400189791222129,-1.315916373779702e-4,0.010085221307705929,1.870996612960434,0.02000000000000001,3.71,13.03,255.802,2.4,0.03128997836747148,0.00477411328932764,Tue,3,0.03128997836747148,0.00477411328932764,1,1,1.054659221396132
AAPL,2019-10-30,-0.02229527933734298,-0.009615975239956942,6.801761087791361e-4,0.011443723580987613,1.389013893102912,0.05000000000000004,6.54,17.57,257.155,1.83,0.0256327850476079,0.047214088598848104,Wed,4,0.0256327850476079,0.047214088598848104,1,1,0.8708806837737749
AAPL,2020-01-28,-0.01367451128473729,-0.003839323139988811,-0.004683835601895239,0.008090649279730537,1.2965750100859108,0.1200000000000001,9.93,13.45,259.127,1.55,0.02179912032075925,-0.009417547159840656,Tue,1,0.02179912032075925,-0.009417547159840656,1,0,0.8314188870353628
AAPL,2020-04-30,0.00626143110349474,-0.018712910936285042,-0.007097156906312199,0.009493158008696588,1.4011545916736987,0.07999999999999996,12.93,41.17,256.032,0.05,0.01195966056907548,0.02782694228035807,Thu,2,0.01195966056907548,0.02782694228035807,1,1,0.8759497015361233
AAPL,2020-07-30,0.00674002609632794,0.01309113606140197,-0.01639238701388871,0.016360264259675773,1.2903768066744135,0.13,24.47,27.29,258.352,0.09,0.09701816874514656,0.11810111796753552,Thu,3,0.09701816874514656,0.11810111796753552,1,1,0.8287163484295106
AAPL,2020-10-29,-0.01102443209788928,0.02415015321965272,-2.3181860400968424e-4,0.01319233703692104,1.347379640906561,0.03000000000000002,4.48,25,260.319,0.09,-0.04388855587415097,-0.05947935074950306,Thu,4,-0.04388855587415097,-0.05947935074950306,0,0,0.8532996596065554
AAPL,2021-01-27,0.00316819579989646,0.04632042154871406,0.10158268582361682,0.014214357762029558,1.232427976865327,0.26,18.67,22.37,262.639,0.09,-0.04474574053575374,-0.06238647952050988,Wed,1,-0.04474574053575374,-0.06238647952050988,0,0,0.8030897720455722
AAPL,2021-04-28,-0.00223460636369443,0.00607084591033779,-0.0027799123864424916,0.006420995690788782,1.361421376598742,0.41999999999999993,42.16,16.95,266.625,0.07,-0.00751163843473612,-0.00998307233854801,Wed,2,-0.00751163843473612,-0.00998307233854801,0,0,0.859263715960588
AAPL,2021-07-27,5.1225233915364e-4,0.00996783190964256,0.007405817797533791,0.009768638795068145,1.2235686611888221,0.29000000000000004,28.18,16.2,271.965,0.1,-0.01200957931622814,-0.00474686905286227,Tue,3,-0.01200957931622814,-0.00474686905286227,0,0,0.7991134102709405
AAPL,2021-10-28,0.0019041825988454,-4.2520821832246e-4,-0.006159610457411508,0.005010539148210732,1.5747893096816248,0,0.17,18.77,276.528,0.08,-0.02010516802759964,-0.02407719535633076,Thu,4,-0.02010516802759964,-0.02407719535633076,0,0,0.9457677092852752
AAPL,2022-01-27,9.335612557249612e-4,-0.00591558953020421,9.245775562648493e-4,0.005913480549174972,1.0855442470550327,0.2100000000000002,11.16,18.76,282.542,0.08,0.04543003456672268,0.04483437585216588,Thu,1,0.04543003456672268,0.04483437585216588,1,1,0.7350298509510294
AAPL,2022-04-28,-0.00356474619768542,-0.011707392133363682,-0.0018792368935587308,0.005317338888151588,1.5867507564501033,0.09000000000000008,6.3,21.16,288.582,0.33,-3.203480338742695e-4,7.561195786778205e-4,Thu,2,-3.203480338742695e-4,7.561195786778205e-4,0,1,0.9504025539355093
AAPL,2022-07-28,0.00807857091008635,0.0020818711819034002,0.008536240121450149,0.007425125346972807,1.1872043065656162,0.04000000000000003,3.86,24.64,294.94,1.68,0.01858518695304445,0.01262976962034513,Thu,3,0.01858518695304445,0.01262976962034513,1,1,0.7826241559713522
AAPL,2022-10-27,-0.01223936730658571,-0.006247812244464479,0.0017704079445312899,0.006036836815260213,1.3730662013073218,0.02000000000000001,1.44,31.36,297.979,3.08,0.05092615043979288,0.02952870819263776,Thu,4,0.05092615043979288,0.02952870819263776,1,1,0.8641828747919771
AAPL,2023-02-02,-0.00255151418765331,-0.01528220929305146,-2.974735132775701e-4,0.008116507171934115,1.7332413050682065,-0.07000000000000006,-3.67,18.35,300.456,4.33,0.03475454081525419,0.029338576172789992,Thu,1,0.03475454081525419,0.029338576172789992,1,1,1.0054881961578028
AAPL,2023-05-04,5.310916317479196e-4,0.005781743729351803,0.013898770411040363,0.003489330487339098,1.5386392149351535,0.09000000000000008,6.28,17.07,302.858,4.83,0.02845215034822402,0.022204881013982443,Thu,2,0.02845215034822402,0.022204881013982443,1,1,0.9316281953178276
AAPL,2023-08-03,-0.00165049948318196,-0.0015640103203444801,0.0019098716951423402,0.0023112985055416834,1.3985708290390637,0.07000000000000006,5.47,13.34,304.615,5.12,-0.04271999910079694,-0.05946783002336976,Thu,3,-0.04271999910079694,-0.05946783002336976,0,0,0.8748730720801707
AAPL,2023-11-02,0.00823257616373429,0.004871674603118109,0.0048682914930047085,0.007880383185476712,1.4093223080252397,0.07000000000000006,4.82,19.32,307.653,5.33,-0.01457500629762264,0.009888034649425689,Thu,4,-0.01457500629762264,0.009888034649425689,0,1,0.8793455079689061
AAPL,2024-02-01,-0.00325181783240935,-0.03303964897254584,-0.04835764247727755,0.008805647596515148,1.2537947782382877,0.07000000000000028,3.55,12.7,309.794,5.33,-0.01608955384335508,0.0032648259744909505,Thu,1,-0.01608955384335508,0.0032648259744909505,0,1,0.8126153636633807
AAPL,2024-05-02,-0.00261156643349259,0.01647755547918007,0.012519363892944833,0.011538494047804387,1.7701665140092533,0.02000000000000001,1.46,17.31,313.016,5.33,0.0472594630513139,0.03028027789720757,Thu,2,0.0472594630513139,0.03028027789720757,1,1,1.0189074317532527
AAPL,2024-08-01,-8.02606635579961e-4,0.007194886318951359,-0.0013964539158222303,0.006958015675794406,1.3480062363162706,0.05999999999999983,4.3,12.46,313.566,5.33,0.02525126287170764,-0.013049298735472881,Thu,3,0.02525126287170764,-0.013049298735472881,1,0,0.8535665579743631
AAPL,2024-10-31,-0.01197771125087242,-0.0064869793244687205,-0.0055135252886009305,0.007658776098172046,1.6302671530614474,0.03999999999999981,2.28,20.46,315.564,4.83,-0.01737215500314792,-0.02437698260349828,Thu,4,-0.01737215500314792,-0.02437698260349828,0,0,0.9670854201416812
AAPL,2025-01-30,0.00929576377834295,0.08298285355872302,0.07583044987190111,0.027409694281910396,0.7899809544742388,0.04999999999999982,2.26,19.54,319.086,4.33,-0.001645305746506,-0.014109672878589219,Thu,1,-0.001645305746506,-0.014109672878589219,0,0,0.582204979837533
AAPL,2025-05-01,0.00462779492056086,0.00738581631147349,0.0025469776262641002,0.004384754711220356,1.253762854518622,0.02000000000000001,1.5,37.56,320.321,4.33,-0.05208828772901941,-0.0713826444027641,Thu,2,-0.05208828772901941,-0.0713826444027641,0,0,0.8126011991324896
AAPL,2025-07-31,-0.00925843016505401,-0.01866865604518131,-0.02460094479110274,0.006827321123238511,1.764649670734334,0.14000000000000012,9.48,16.4,322.132,4.33,-0.00901153544164556,-0.01621239306122612,Thu,3,-0.00901153544164556,-0.01621239306122612,0,0,1.016913925585098
AAPL,2025-10-30,0.00264587860419462,0.011565834437190841,0.014690000354249722,0.011650699192935267,1.4309549860831174,0.08000000000000007,4.47,21.66,NA,NA,-0.00641301844728958,0.0024005103314929215,Thu,4,-0.00641301844728958,0.0024005103314929215,0,1,0.8882841785369313
GOOGL,2015-01-29,-0.0033120689049233,-0.03107807511157121,2.9295954642027684e-4,0.013710245581914565,1.8370908173025828,-0.01999999999999996,-3.49,17.55,234.747,0.11,0.06037818953309393,0.025090635745189438,Thu,1,0.06037818953309393,0.025090635745189438,1,1,1.042779167053011
GOOGL,2015-04-23,0.00644275845170772,0.01786244822572048,0.01470216400252377,0.009694657359338782,2.058204888578837,-0.01,-2.05,14.74,236.222,0.12,0.02680769795230776,0.011944864006655197,Thu,2,0.02680769795230776,0.011944864006655197,1,1,1.1178281061057227
GOOGL,2015-07-16,3.5836770183628186e-4,0.03470308205963357,0.04658932106864999,0.007169479989863417,2.8324605684182735,0.01999999999999996,4.42,14.02,237.657,0.13,0.16147819767842164,0.15890049102844192,Thu,3,0.16147819767842164,0.15890049102844192,1,1,1.34350704297464
GOOGL,2015-10-22,-0.00623365291593147,-0.02692613439275382,-0.0244978226859194,0.012829332522616555,2.3757790197418682,0.01,2,20.94,237.733,0.12,0.04503751577914516,0.06822008299777878,Thu,4,0.04503751577914516,0.06822008299777878,1,1,1.2166261183537594
GOOGL,2016-02-01,-0.00732061486392265,0.018733986707306534,0.0045765771563246686,0.018852634072170048,2.2027876720897006,0.01999999999999996,8.14,22.47,237.652,0.34,0.03189890567890995,-0.05832077748522857,Mon,1,0.03189890567890995,-0.05832077748522857,1,0,1.1640215781049312
GOOGL,2016-04-21,-0.00247489411741163,-0.016765186226675978,-0.005500126065268508,0.007457881949777935,2.3430800691200773,-0.01,-4.21,13.1,238.992,0.37,-0.05418883554760601,-0.0709202989840082,Thu,2,-0.05418883554760601,-0.0709202989840082,0,0,1.2068925584284533
GOOGL,2016-07-28,0.00690046024701239,0.007442615942405013,0.009429916707524893,0.007360204551961577,2.811373464467491,0.01999999999999996,4.78,13.2,240.101,0.39,0.03166534465682313,0.05040428424784159,Thu,3,0.03166534465682313,0.05040428424784159,1,1,1.337989613539477
GOOGL,2016-10-27,-0.0060441481294704,-0.00142580089410726,-0.00330945815704055,0.006908721485695683,1.8314380961913048,0.02000000000000001,5.25,13.48,241.741,0.4,0.00581220711008867,-0.00452298000709349,Thu,4,0.00581220711008867,-0.00452298000709349,1,0,1.0407847437833093
GOOGL,2017-01-26,0.00247379971764495,0.02427255340271628,0.02351624787202122,0.008563539867622734,2.296820551354905,-0.01,-2.66,11.32,243.618,0.65,-0.01307775064343574,-0.03568468015501778,Thu,1,-0.01307775064343574,-0.03568468015501778,0,0,1.1929585347511729
GOOGL,2017-04-27,8.232889883504901e-4,0.01842868769820793,0.01676060874474693,0.005005509187292936,1.7871455684733575,0.03000000000000002,6.16,12.87,244.193,0.9,0.03902171922355934,0.04965553274567334,Thu,2,0.03902171922355934,0.04965553274567334,1,1,1.0250179783784903
GOOGL,2017-07-24,0.00203095728644785,0.002124688725779519,0.011867928943273239,0.004296640864158625,2.830168576569751,0.04000000000000003,7.37,11.07,244.243,1.15,-0.03225273773542336,-0.04121043578665515,Mon,3,-0.03225273773542336,-0.04121043578665515,0,0,1.342908816994103
GOOGL,2017-10-26,0.0076677312069826,-0.006415911318543809,-0.019399595899677644,0.007453419576590913,1.6781651928370998,0.06,13.13,9.65,246.626,1.15,0.03454247350496552,0.03618118192815644,Thu,4,0.03454247350496552,0.03618118192815644,1,1,0.9851319305185463
GOOGL,2018-02-01,0.00363039960375099,0.01267355419334281,0.01407797309334102,0.006115900563483854,2.0794274884733968,-0.72,-143.27,10.16,248.859,1.41,-0.03159314244580025,-0.03806866240187855,Thu,1,-0.03159314244580025,-0.03806866240187855,0,0,1.1247436993418065
GOOGL,2018-04-23,-0.00259757694596773,0.011693419772606298,0.03442724424692011,0.011092460801963246,1.8705815943444406,0.21,43.72,21.1,250.227,1.69,-0.0342721710034598,-0.038819167885819156,Mon,2,-0.0342721710034598,-0.038819167885819156,0,0,1.0545146553546252
GOOGL,2018-07-23,-6.88380108722019e-5,-0.009802432444812681,-0.005466849943371731,0.006141637905603255,1.828253764281923,0.11,23.16,16.14,251.214,1.91,0.03415390349484615,0.030911537760341487,Mon,3,0.03415390349484615,0.030911537760341487,1,1,1.039659476781539
GOOGL,2018-10-25,-0.02096924596996186,-0.002371904344155719,-0.007318807131162437,0.011580525117428131,1.9096554657592515,0.13,24.84,14.82,252.772,2.19,-6.504570789051013e-4,-0.04070552815858231,Thu,4,-6.504570789051013e-4,-0.04070552815858231,0,0,1.0680346775276597
GOOGL,2019-02-04,-0.00735561365457692,0.020009036932058678,5.820766434331331e-4,0.011772857009627317,2.686769694685262,0.09999999999999998,17.57,18.6,252.561,2.4,0.00444684130398953,-0.028120576417199002,Mon,1,0.00444684130398953,-0.028120576417199002,1,0,1.3047506531527533
GOOGL,2019-04-29,0.00326827899230841,0.00331929902420135,0.01678911655940506,0.005688203822082332,2.7222389407162204,-0.02000000000000001,-4.97,14.28,255.233,2.42,-0.0759706072314843,-0.08342089552865972,Mon,2,-0.0759706072314843,-0.08342089552865972,0,0,1.3143253530204155
GOOGL,2019-07-25,-0.01193529184642904,-0.007082257002826161,-0.01772783178067182,0.006259250171727577,2.2884006644310024,0.14,23.88,13.28,255.802,2.4,0.08881447450480984,0.07915016870436745,Thu,3,0.08881447450480984,0.07915016870436745,1,1,1.1904013263487958
GOOGL,2019-10-28,4.923433107961988e-5,0.00969564843332616,0.003812899052476279,0.00576030656754901,2.7804235427438204,-0.08999999999999997,-14.08,20.28,257.155,1.83,-0.02113838111768073,-0.021821785318819842,Mon,4,-0.02113838111768073,-0.021821785318819842,0,0,1.3298360516994754
GOOGL,2020-02-03,0.00294229862780149,0.00326724909301423,-0.0014354392518790508,0.005208828921614178,2.309100676909853,0.14,22.57,12.39,259.127,1.55,-0.0400647370503726,-0.02597915942918648,Mon,1,-0.0400647370503726,-0.02597915942918648,0,0,1.196676453653385
GOOGL,2020-04-28,-0.01921056960197786,-0.01817769958022296,-0.011123634752362868,0.01327754048538383,1.960117558475626,-0.05000000000000004,-8.29,43.35,256.032,0.05,0.06232650630192049,0.08114917324859569,Tue,2,0.06232650630192049,0.08114917324859569,1,1,1.0852289832485464
GOOGL,2020-07-30,7.791743599592192e-4,-0.00292869683558695,-0.02078663983188579,0.012214503339372506,1.2721304531977975,0.10000000000000003,23.4,27.29,258.352,0.09,-0.04044573957977269,-0.06110654500085706,Thu,3,-0.04044573957977269,-0.06110654500085706,0,0,0.8207179169912879
GOOGL,2020-10-29,-0.01980067812670682,-0.01879311943970209,0.001957045885959331,0.014885470215302291,1.4790315261204987,0.2599999999999999,46.48,25,260.319,0.09,0.05017350411584997,0.038273884157884464,Thu,4,0.05017350411584997,0.038273884157884464,1,1,0.9078679702454848
GOOGL,2021-02-02,0.01990736151830785,0.0343499709365861,0.02208091510556387,0.013913649131481208,1.3065195981879063,0.32000000000000006,39.28,22.21,262.639,0.09,0.07181634578381346,0.07165599157480473,Tue,1,0.07181634578381346,0.07165599157480473,1,1,0.8357397209178169
GOOGL,2021-04-27,0.00256568179582728,0.010557962578629738,0.0030698368340185385,0.007188232452331648,1.6538079387947737,0.53,67.88,17.16,266.625,0.07,0.03055323451298286,0.028871336793796283,Tue,2,0.03055323451298286,0.028871336793796283,1,1,0.9759955665976651
GOOGL,2021-07-27,0.00528601150408468,0.035733447416494965,0.03603850682507567,0.010432959247445445,2.0337533920672093,0.40000000000000013,41.37,16.2,271.965,0.1,0.03198316501133658,0.023116697113099178,Tue,3,0.03198316501133658,0.023116697113099178,1,1,1.1098005961683777
GOOGL,2021-10-26,-0.00561687773212348,-0.03715831343996976,-0.05524955488855861,0.012320777366057465,1.6867420349434739,0.24,20.44,21,276.528,0.08,0.05464656911840304,0.05541138938102732,Tue,4,0.05464656911840304,0.05541138938102732,1,1,0.9883293201654464
GOOGL,2022-02-01,-0.00424420513861999,0.00871664170172739,0.01091042706249414,0.012518496912776587,1.4761621447259956,0.16999999999999993,12.52,17.62,282.542,0.08,0.06581506813903348,0.053292117997024505,Tue,1,0.06581506813903348,0.053292117997024505,1,1,0.9067098392395859
GOOGL,2022-04-26,0.02304353921398583,-0.0011484501343383899,-0.013463808893642279,0.014821188085056069,2.006500283815209,-0.05000000000000004,-3.67,22.1,288.582,0.33,-0.03880687622208,-0.02751053727346231,Tue,2,-0.03880687622208,-0.02751053727346231,0,0,1.1007767058980171
GOOGL,2022-07-26,-0.00492962985441502,-0.05791874186203527,-0.04681084933756873,0.02077609364645346,1.243482369036319,-0.08000000000000007,-6.05,26.73,294.94,1.68,0.05040061804240925,0.052705073898397625,Tue,3,0.05040061804240925,0.052705073898397625,1,1,0.8080292877162903
GOOGL,2022-10-25,0.0018627008929144,0.001104877941596721,-0.0069611428011708,0.008834804787882932,1.5111284204024453,-0.19999999999999996,-16.01,28.55,297.979,3.08,-0.08401737571807791,-0.08697489079322887,Tue,4,-0.08401737571807791,-0.08697489079322887,0,0,0.9207322219988835
GOOGL,2023-02-02,0.00563430603962067,-8.9386207507537e-4,0.028728592473272075,0.015589869568030108,2.0551384121331266,-0.1399999999999999,-11.87,18.35,300.456,4.33,-0.01711896749775621,0.0042708315928958705,Thu,1,-0.01711896749775621,0.0042708315928958705,0,1,1.1168248983511262
GOOGL,2023-04-25,0.004460897217053,0.021304657932828402,0.003599704567846511,0.016139767551880683,1.7257752547199467,0.09999999999999988,9.45,19.08,302.858,4.83,0.00249311741371039,0.009762124718280309,Tue,2,0.00249311741371039,0.009762124718280309,1,1,1.0027528847985032
GOOGL,2023-07-25,0.00854708270076144,-0.0013319379567526789,-0.0319258248073667,0.01151744717452072,1.371816117938942,0.09999999999999988,7.29,14.18,304.615,5.12,0.05792487233356014,0.08005227352792554,Tue,3,0.05792487233356014,0.08005227352792554,1,1,0.863655956182328
GOOGL,2023-10-24,0.00832246705862804,0.01226060307240062,0.01761918990210319,0.004193101036226633,1.7447393880955642,0.10000000000000007,7.05,18.58,307.653,5.33,-0.08075417432416088,-0.09153168958831549,Tue,4,-0.08075417432416088,-0.09153168958831549,0,0,1.0096861298698574
GOOGL,2024-01-30,0.00111659827722676,0.01993317567363727,0.03468169760473803,0.00734986319552913,1.3446353262944666,0.03999999999999981,2.53,12.69,309.794,5.33,-0.05889762064441362,-0.06586700789540312,Tue,1,-0.05889762064441362,-0.06586700789540312,0,0,0.8521298786300586
GOOGL,2024-04-25,0.00528439292613658,0.01147049362925112,0.01360365402485917,0.006066834974611822,2.3727171410083168,0.3799999999999999,25.58,16.03,313.016,5.33,0.09203444916066704,0.050572951482484314,Thu,2,0.09203444916066704,0.050572951482484314,1,1,1.2157186927968002
GOOGL,2024-07-23,0.01177910176927055,0.008171064002301932,-0.014050760229085465,0.012085019545328382,1.761890260402741,0.04999999999999982,2.54,12.09,313.566,5.33,-0.02723863566172023,-0.0658514710301403,Tue,3,-0.02723863566172023,-0.0658514710301403,0,0,1.0159153222653772
GOOGL,2024-10-29,0.00612198795579366,0.01957823858635687,0.021475047497652812,0.007529544968611201,1.9436436000433261,0.27,14.83,20.86,315.564,4.83,0.03147094122034666,0.027843064522666158,Tue,4,0.03147094122034666,0.027843064522666158,1,1,1.0796481337704127
GOOGL,2025-02-04,-0.00606658777244906,0.037327835414751695,0.05154711255347953,0.018656410548921348,1.5635154534305569,0.02000000000000001,1.18,16.12,319.086,4.33,-0.07683235545304068,-0.10227302381394332,Tue,1,-0.07683235545304068,-0.10227302381394332,0,0,0.9413795404780053
GOOGL,2025-04-24,0.00895456937917926,0.010049744896879039,-0.0020858752046146716,0.009737679782082669,1.5804636435999333,0.8000000000000003,40.1,45.31,320.321,4.33,0.00945274168066201,-0.00812759571625064,Thu,2,0.00945274168066201,-0.00812759571625064,1,0,0.947969089609869
GOOGL,2025-07-23,0.00588534918328642,0.03987300111325874,0.0399690968778844,0.008774541683487383,1.607348973526713,0.10999999999999988,5.09,16.38,322.132,4.33,0.0094999390897954,0.007498624445192559,Wed,3,0.0094999390897954,0.007498624445192559,1,1,0.9583339861872546
GOOGL,2025-10-29,-0.00897263902290845,0.033834471345687615,0.04377822805411378,0.016389825664676977,1.3979438370100172,0.6100000000000003,26.88,16.43,NA,NA,0.03507144928179417,0.03869998654912743,Wed,4,0.03507144928179417,0.03869998654912743,1,1,0.8746116355679234
NVDA,2015-02-11,0.01729272783037005,0.01958566164197148,0.032305632833745504,0.005766406864888708,1.5218620485895584,0,18.52,16.4,234.747,0.11,0.06195570063936696,0.058329075011037256,Wed,1,0.06195570063936696,0.058329075011037256,1,1,0.9249975368355526
NVDA,2015-05-07,0.00763315739267788,-0.01527638471995796,0.011413930917201982,0.010628513566470061,2.177405755483595,0,NA,13.89,236.222,0.12,-0.08726854329203859,-0.07913626076891746,Thu,2,-0.08726854329203859,-0.07913626076891746,0,0,1.156065063683651
NVDA,2015-08-06,0.00719481213617845,0.03318696422283439,0.03443732178578283,0.006587612199881871,2.7266039709157144,0,66.67,11.95,238.034,0.13,0.12659140285557144,0.15310675371549914,Thu,3,0.12659140285557144,0.15310675371549914,1,1,1.315497355370559
NVDA,2015-11-05,-0.01294554990728157,-0.02288439638568127,-0.027227757507419553,0.01775174790992994,1.6580468775701371,0,30.68,15.05,237.733,0.12,0.1389262790385678,0.12369870175731856,Thu,4,0.1389262790385678,0.12369870175731856,1,1,0.9775915965426586
NVDA,2016-02-17,0.0324532680672942,0.03712038312896748,0.04632496353327241,0.021021333658462024,1.8249979497984494,0,19.38,22.42,237.652,0.34,0.0907104176993698,0.1250774462325434,Wed,1,0.0907104176993698,0.1250774462325434,1,1,1.0385076388630787
NVDA,2016-05-13,-0.01341898627648552,0.005714433148658372,0.010665293978270308,0.010462334447536819,6.069098805021498,0,12.97,14.08,238.992,0.37,0.01972972474013757,0.05661319038460643,Fri,2,0.01972972474013757,0.05661319038460643,1,1,1.955733004318679
NVDA,2016-08-11,-0.00358795694725456,0.008761231941287171,0.03540267173836339,0.008578112005475922,2.1108903648924664,0,10.97,12.02,240.101,0.39,0.05674257519092163,0.05244310546909372,Thu,3,0.05674257519092163,0.05244310546909372,1,1,1.1349089761799132
NVDA,2016-11-10,-0.02794013296182418,-7.214238253084627e-4,-0.012004986494798062,0.01877327315889,2.292178384257886,0,37.75,13.34,241.741,0.4,0.2994647430101379,0.27336622533352706,Thu,4,0.2994647430101379,0.27336622533352706,1,1,1.191549468545379
NVDA,2017-02-09,-0.005058418905717,0.037960583142629956,0.03400982272359464,0.020655500632130924,1.6820578341634809,0.00999999999999999,15.49,11.54,243.618,0.65,-0.02728132374756042,-0.07896258784345055,Thu,1,-0.02728132374756042,-0.07896258784345055,0,0,0.986584348446335
NVDA,2017-05-09,-0.0105326958721501,-0.01894408259063016,-0.04105306367863269,0.017503683479757597,2.4474857367241816,0,4.53,14.93,244.193,0.9,0.1771286041312694,0.2347127566488244,Tue,2,0.1771286041312694,0.2347127566488244,1,1,1.2376451933958856
NVDA,2017-08-10,0.01099210602901212,0.03060438313102218,0.04799772087603335,0.013267759242515215,2.358661512764433,0.00999999999999999,23.84,9.36,244.243,1.15,-0.05457168519696064,0.0072147313290189825,Thu,3,-0.05457168519696064,0.0072147313290189825,0,1,1.2115425353126705
NVDA,2017-11-09,-0.01497933864373655,-1.0840572416125072e-4,0.0038769614411526977,0.010357898421574962,2.265771376970988,0,23.84,9.97,246.626,1.15,0.05359594100903375,0.04597192352975997,Thu,4,0.05359594100903375,0.04597192352975997,1,1,1.1834959911706564
NVDA,2018-02-08,0.01927559346819095,0.013531171187861162,-0.015197090196406696,0.02636394909027065,1.5711188797263176,0.01,29.95,11.27,248.859,1.41,0.05199993636929557,0.03819425156546887,Thu,1,0.05199993636929557,0.03819425156546887,1,1,0.9443411659259071
NVDA,2018-05-10,0.01180358085658018,0.05576869740001565,0.1007806167166465,0.013017264727470796,2.2821748707770824,0.01,23.49,16.88,250.227,1.69,-0.02323536906172739,-0.0523928630167747,Thu,2,-0.02323536906172739,-0.0523928630167747,0,0,1.188506273020896
NVDA,2018-08-16,-0.00138667173036743,0.0221826449778313,0.01664175827336246,0.006568769070413755,2.445680623278316,0,5.09,13.03,251.214,1.91,-0.05234441586624893,-0.02239413633193221,Thu,3,-0.05234441586624893,-0.02239413633193221,0,0,1.237121453392278
NVDA,2018-11-15,-0.00306993256929866,-0.008766637158141763,-0.035096564171853147,0.03247742599286973,1.735585354499277,0,-4.09,24.16,252.772,2.19,-0.18978182311168443,-0.2447082751510956,Thu,4,-0.18978182311168443,-0.2447082751510956,0,0,1.0063454365570814
NVDA,2019-02-14,0.00828799240020083,0.015309618775261479,-0.00739249406793366,0.017876570996240338,1.450126823693155,0,6.5,17.42,252.561,2.4,0.00730544158266387,0.0013576537102635297,Thu,1,0.00730544158266387,0.0013576537102635297,1,1,0.8961397879896024
NVDA,2019-05-16,-0.02102044282559845,-0.04367511172447701,-0.07387009864583904,0.016405814282810065,1.4496727004118388,0,8.75,12.73,255.233,2.42,-0.01701039928476456,-0.027482107335573554,Thu,2,-0.01701039928476456,-0.027482107335573554,0,0,0.8959544239638366
NVDA,2019-08-15,-0.00902833036792117,8.237483519999405e-4,-0.0087052708579809,0.016627390845441258,1.2619581242521007,0,8.24,12.16,255.802,2.4,0.05810219286427198,0.10718991633873176,Thu,3,0.05810219286427198,0.10718991633873176,1,1,0.8162308648135039
NVDA,2019-11-14,-0.00567299625784189,0.003518723916163379,-0.0010402341610635602,0.01418719734522658,1.84767587211635,0,13.17,12.65,257.155,1.83,-0.03438872347250243,-0.014888502226447442,Thu,4,-0.03438872347250243,-0.014888502226447442,0,0,1.0465031781250889
NVDA,2020-02-13,0.01089520409894451,0.06582205800828178,0.07135272144719619,0.012381042645830818,1.572545615098363,0.01,12.88,14.56,259.127,1.55,0.06836125401954529,0.09467763596626655,Thu,1,0.06836125401954529,0.09467763596626655,1,1,0.9448959203855228
NVDA,2020-05-21,0.00203073954756004,0.01789033657443292,0.09194998455956857,0.020557403081094217,1.158121150561319,0.01,6.86,37.19,255.802,0.05,0.02624963129201752,-0.02021799002031287,Thu,2,0.02624963129201752,-0.02021799002031287,1,0,0.7692380054646443
NVDA,2020-08-19,-0.00848400296659945,0.06639769611870439,0.10908964924448514,0.02999344380104932,1.4003400630517508,0,10.66,24.76,258.352,0.09,-0.00295273015933505,0.031143290598530056,Wed,3,-0.00295273015933505,0.031143290598530056,0,1,0.8756104202546332
NVDA,2020-11-18,-0.00208955709986469,-0.022805752852403924,0.03315274912375489,0.042194441651984084,1.1650810693888294,0.01,14.21,37.59,260.319,0.09,-0.00309013689633496,-0.024168431327462152,Wed,4,-0.00309013689633496,-0.024168431327462152,0,0,0.7724578061985767
NVDA,2021-02-24,-0.01614595300268816,-0.03822072351327744,-0.06632386288374681,0.02175470310882962,1.4780007604512595,0.00999999999999999,10.37,21.77,263.573,0.08,-0.05769914953997102,-0.03687700168260311,Wed,1,-0.05769914953997102,-0.03687700168260311,0,0,0.9074520900879607
NVDA,2021-05-26,0.00441509971142694,0.06261447032669706,0.09744142596760227,0.015052279666048914,0.9491355190472774,0.00999999999999999,11.44,18.39,268.404,0.06,-0.01466840352215969,0.03340689648697415,Wed,2,-0.01466840352215969,0.03340689648697415,0,1,0.6673859507132122
NVDA,2021-08-18,-0.01760110090142119,-0.01940087564264557,-0.02625360057907276,0.012402897594289619,1.5861622689180856,0.00999999999999999,14.66,17.7,271.965,0.1,0.03855427729319505,0.12816981463625643,Wed,3,0.03855427729319505,0.12816981463625643,1,1,0.9501750273826094
NVDA,2021-11-17,0.00206306007348589,-0.017159361472858,-0.016958716941171452,0.023340552258758078,0.9430573161897864,0.00999999999999999,5.81,16.53,276.528,0.08,0.07911417524074893,0.09387155071694919,Wed,4,0.07911417524074893,0.09387155071694919,1,1,0.6642626687712285
NVDA,2022-02-16,0.0760453538698045,0.039526698080213155,0.0737402783364748,0.042011072852469244,1.4364288887133754,0.01,7.97,30.49,282.542,0.08,-0.05441824962144226,-0.08254816534210241,Wed,1,-0.05441824962144226,-0.08254816534210241,0,0,0.8905333970406539
NVDA,2022-05-25,-0.03590785048074385,-0.06750039480015699,-0.07845292374746236,0.025483985247600736,1.2892121761982378,0.01,4.86,31.2,291.299,0.77,0.03172170216963588,0.06075805892252184,Wed,2,0.03172170216963588,0.06075805892252184,1,1,0.8282077305139561
NVDA,2022-08-24,0.0108677759199247,-0.04971267896226285,-0.04967084296680791,0.022089731315619622,1.2226727832159605,0,-1.49,21.44,295.162,2.33,0.02603151646791546,-0.05412237585090463,Wed,3,0.02603151646791546,-0.05412237585090463,1,0,0.7987104281134543
NVDA,2022-11-16,0.01405455005126699,0.0484246645096904,0.10049315665738567,0.03718059167004458,1.168910440405563,-0.01,-17.32,27.39,297.979,3.08,-0.01155561194323884,-0.035496187759826096,Wed,4,-0.01155561194323884,-0.035496187759826096,0,0,0.7742249402617597
NVDA,2023-02-22,-0.01423022094190762,-0.0590547082348053,-0.016262700990193647,0.030035425928279055,1.0770251604027707,0.00999999999999999,9.45,18.73,301.476,4.57,0.13488428810493924,0.13560832311390356,Wed,1,0.13488428810493924,0.13560832311390356,1,1,0.7309366586399443
NVDA,2023-05-24,-0.00443108144340532,-0.01902395457124495,0.042378585341156016,0.018174603596043927,1.6150730854253872,0.02,18.8,20.09,303.316,5.06,0.23493885874982176,0.2473243217513645,Wed,2,0.23493885874982176,0.2473243217513645,1,1,0.9612920456637661
NVDA,2023-08-23,-0.02488037570945723,0.052064295227073676,0.05373490691389493,0.03788380438955993,1.2455403699810748,0.06000000000000002,29.35,15.92,306.138,5.33,0.01445539131270445,-0.0050508130931873185,Wed,3,0.01445539131270445,-0.0050508130931873185,1,0,0.8089461915542017
NVDA,2023-11-21,0.01514601996909604,0.021104622239768618,0.0062745048015330415,0.01171750145371403,1.4409848926079567,0.06,18.73,16.87,308.087,5.33,-0.02864865275109862,-0.048540941226250287,Tue,4,-0.02864865275109862,-0.048540941226250287,0,0,0.8924016023740375
NVDA,2024-02-21,-0.03752673389007966,-0.05597054410555569,-0.02896950312492441,0.020960966940083474,1.2097989848238315,0.06,11.4,13.88,311.022,5.33,0.14288601788726485,0.15336628817834197,Wed,1,0.14288601788726485,0.15336628817834197,1,1,0.7929015542995252
NVDA,2024-05-22,0.00389175429000521,0.0067680718824199,0.030107896248019017,0.015467440179684265,1.6445754782627315,0.07999999999999996,14.83,14.68,313.14,5.33,0.10057726883452676,0.11929892289609455,Wed,2,0.10057726883452676,0.11929892289609455,1,1,0.972510552717173
NVDA,2024-08-28,0.01295493658132862,0.027630215228571793,0.005103815839428533,0.025734259523414207,1.418796201397009,0.04000000000000003,5.66,23.79,314.131,5.33,-0.06380908646751693,-0.05876475281633664,Wed,3,-0.06380908646751693,-0.05876475281633664,0,0,0.883269978966295
NVDA,2024-11-20,0.04498407889962408,0.00881030172346664,0.004355955720919402,0.025158697508144163,1.4791011933174225,0.06000000000000005,8.52,23.16,315.564,4.83,6.092545466569559e-6,-0.08043877779897554,Wed,4,6.092545466569559e-6,-0.08043877779897554,1,0,0.9078960724367211
NVDA,2025-02-26,-0.02333687043892874,-0.0727142338595187,-0.06565610006561717,0.015554511600442753,1.510031962083687,0.04000000000000003,5.25,15.5,319.775,4.33,-0.06891608197052335,-0.11440884188179845,Wed,1,-0.06891608197052335,-0.11440884188179845,0,0,0.9202954869605005
NVDA,2025-05-28,0.01160726320408755,0.014981555302087099,0.00701983615653735,0.007088227701194353,1.5145566692162147,0.06000000000000005,8.02,22.48,320.58,4.33,0.0284790248364064,0.01193995510999879,Wed,2,0.0284790248364064,0.01193995510999879,1,1,0.9220965133479766
NVDA,2025-08-27,0.00676637247976108,0.02327365772503952,0.02594849135964393,0.01405226597143805,1.4008128225816867,0.04000000000000003,4.1,16.57,323.364,4.33,-0.01103123603276345,-0.03787947302224069,Wed,3,-0.01103123603276345,-0.03787947302224069,0,0,0.8758073560918062
